{"cameraMode":{"drawMode":0,"name":"Shaded","section":"Shading Mode"},"sceneLighting":false,"audioPlay":false,"sceneViewState":{"m_AlwaysRefresh":false,"showFog":true,"showSkybox":false,"showFlares":true,"showImageEffects":true,"showParticleSystems":true,"showVisualEffectGraphs":true,"m_FxEnabled":true},"in2DMode":false,"pivot":{"x":-0.5745518207550049,"y":0.11765167862176895,"z":1.2150171995162964},"rotation":{"x":-0.14234580099582673,"y":-0.08856748044490814,"z":0.012778175063431263,"w":-0.9858402609825134},"size":2.5620832443237306,"orthographic":false}